0003,Auto Posto Vila Antonio Ltda
0068,Agro Pecuaria Quantro A Limitada
0089,AVM Auto Equipamentos
0124,Mavitec Servicos S/C Ltda
0136,Nobelplast Embalagens
0138,Nel Administradora de Bens & Participacoes Ltda
0140,Coml. Prod. Hortifr. Oliveira & Silva Ltda
0143,Open Door Moveis para Escritorio Ltda
0146,Doce Delleite Comercio Ltda
0177,Clearpack do Brasil Embalagens Ltda
0178,Net Ralo Telecom. de Dados e Software Ltda
0284,Ace Engenharia e Construcoes Ltda
0332,Marcenaria e Carpintaria Bristol Ltda
0337,Misura Servicos Montagem E Carpintaria Ltda.
0338,Movestrutura Comercio e Servico de Moveis Ltda
0361,LD Engenharia Ltda
0367,Camargo Penteado Engenharia Ltda.
0388,APCP Engenharia Ltda
0418,Emco Administracao Ltda
0419,Irrigotec Irrig. por Gotejamento Ltda
0424,Soracy de Comunicacao Ltda
0441,Consult Engenharia Ltda
0458,Marquez Piza Serviços Ltda
0511,M Miraglia Coord. de Ativ. Ind. Ltda
0513,Oficina de Artes Producoes Ltda
0529,Ms Gomes Servicos de Orcamento Ltda
0537,Evandro Taddei Neto
0550,M. Halluli Interiores S/c Ltda
0551,Alexandre Gagliano de Freitas
0557,R Moraes Consultoria e Treinamento Ltda.
0607,Corretora de Seguros Elposs Ltda
0610,Rotary Clube de Sao Paulo - Butanta
0614,VP Representacoes Comerciais Ltda
0616,Net Access Com.e Servs.em Tel.e Inf Ltda
0622,Costa Mendes Servicos de Auxilio Empresarial Ltda
0625,Quatro A Empreendimentos Imobiliarios Ltda
0634,Rodrigues Ribeiro Engenharia e Consultoria Ltda.
0657,Plastcone Industria e Comercio de Embalagens Ltda
0658,Kassia Regina Cardoso
0663,Nobelpack Embalagens e Logistica Ltda.
0674,Moura Silva Representacoes Comerciais Ltda.
0689,Reginaldo de Jesus Lopes
0697,Dscon Solucoes Tecnologicas Ltda.
0711,MV Arquitetura e Midias Graficas Ltda.
0727,CRP - Assessoria Administrativa Ltda.
0738,Sypaba Empreendimentos Limitada.
0746,Classica Design Do Brasil Objetos De Arte Ltda
0747,Zilando Gagliano de Freitas
0758,Nest Consultoria Empresarial Ltda
0791,Idely Stancato
0816,Business Intelligence Desenvolvimento de Embalagens Ltda.
0818,Assoc. de Apoio a Crianca e Adoles. com Cancer - Anjo de Luz
0823,Adriana Sao Severo de Arruda
0826,Guilherme Augusto Lemelle Correa
0829,Flavio Correia Martins
0832,Cidade Jardim Design Ltda.
0833,Dalton Dynamics Quimica Industrial Ltda
0834,Uptec Brasil Tratamento de Superficies de Pecas Ltda
0841,Ers Tecnologia Ltda.
0844,Saralei Access S/s Ltda
0851,Promielt Engenharia Ltda
0854,Promielt Construtora Ltda
0856,Aguia Dourada Assessoria Coaching e Treinamentos Ltda.
0857,Mulheres Prosperas Empreendimentos Imobiliarios Ltda.
0861,Dalton Dynamics Internacional Ltda
0862,L Menezes Organizacao e Coordenacao de Festas e Eventos Ltda
0866,Eunice de Oliveira Arribas Puerto
0867,RGL Administracao de Bens e Participacoes Ltda.
0874,Alexandra Carlier Arquitetura
0895,Quatrinvest Administradora de Recursos Ltda.
0896,Carg Comercio E Servicos De Manutencao E Reparacao Ltda
0897,C.D.S. Rodrigues Oculos
0902,PBO Mendes Participações Ltda
0904,Venezia Empreendimentos e Participacoes Ltda.
0920,Estudio Eter Computacao Grafica Ltda
0923,Carlos Gregório Zrncic Guinle
0927,Prado Aluminio Industria e Comercio Ltda.
0942,Dina Pinheiro Vilela Editora
0959,Aaron Fabricio Sociedade Individual de Advocacia
0962,Saint Carlo Comercio de Alimentos Ltda
0985,Academia de Ballet Paula Firetti Ltda
0989,Fenac Consultoria de Imóveis Ltda
0993,Saint Carlo Festas e Eventos Ltda
1010,Pcbox Servicos de Informatica Ltda.
1011,Replac Representações Planejamento Comercialização Ltda.
1012,Planus Serviços Comerciais Ltda
1033,Rccg Alianca Italiana Patrimonial Ltda
1036,Lenice dos S Rodrigues Óculos
1056,Sypaba Exploracao Agricola Ltda
1057,Marcelo Moreira Rocha Ferreira
1059,BML Servicos de Aux. Emp. Imp. e Com. Prod. A.em Geral Ltda
1060,Elza Alcantara Perfumes e Cosmeticos
1061,Editora Sunshine Ltda.
1063,Thais Galvao Soares
1077,Jule Servicos Empresariais Ltda
1080,Vektran Sistemas de Monitoramento Ltda
1099,MA Clean Representacao Comercial Ltda.
1116,Olitel Integradora de Sistemas de Telecomunicacoes Ltda
1138,Luana dos Santos Rodrigues
1139,RKM Cintos de Seguranca Ltda
1148,Olitel Brasil Telecomunicacoes S.a.
1149,Seven Administradora e Participacoes Ltda.
1152,Olibras Telecomunicacoes Ltda
1154,Olifac Factoring - Fomento Mercantil Ltda.
1161,Marcos Francisco Barboza Mendes
1184,Smartfield do Brasil Ltda
1192,Trovato Assessoria e Negocios Imobiliarios Ltda.
1197,Berrante Brasil Bar Ltda
1204,Clima-Save Instalacao e Manutencao Ltda.
1205,Clima-Save Engenharia Termica Ltda
1211,BLCG Consultoria Ltda.
1220,Clima Save Engenharia e Comercio Ltda
1229,SM Servicos de Limpeza Ltda.
1234,Ana Cristina Galvao Soares Acessorios
1247,Bats Modas Com de Roup Calcados e Acessorios Ltda
1258,A. Gioia Servicos de Computacao Grafica Ltda.
1271,Simone Maragni
1272,Antaradus Participacoes e Empreendimentos Ltda.
1273,Ricardo Juliao Arquitetura Urbanismo e Comercio Ltda.
1274,Ricardo Juliao Arquitetura e Urbanismo S/S Ltda.
1275,Juliao & Arquitetos S/S Ltda.
1278,Office Plaza Comercio e Servicos Ltda.
1279,Prisma Aluminio Industria e Comercio Ltda
1281,RAM2 Arquitetura Construcoes e Comercio S/A
1283,High Nutri Suplementos e Vitaminas Ltda.
1284,CLIQ Informatica Ltda
1292,Hellen Calcados e Confeccoes Ltda
1302,Oreas Empreendimentos Imobiliarios S.A
1307,Nova Prado Industria Comercio Importacao e Exportacao Ltda.
1311,Wta-avercap Producao De Celulose E Participacoes Ltda.
1321,Avercap Investimentos Imobiliarios Ltda.
1323,Avercap Balsa E Madeira Investimentos Imobiliarios Ltda.
1324,Agrainvest Investimentos Rurais E Partipacoes Ltda
1326,Click Total Comercio de Produtos Ltda.
1327,Lloyd Consultoria e Assessoria em Negocios Empresariais Ltda
1338,Ana Oliveira da Silva Roupas
1339,Ds Consultoria e Solucoes de Tecnologia Ltda.
1341,Jackalopy Servicos de Digitacao de Dados Ltda.
1342,ACLD Imperio Telecom Ltda
1345,Rob-Cor Prestacao de Servicos Medicos Ltda
1359,Empresa Nacional de Logistica Ltda
1361,Visao Energetica Engenharia Ltda.
1362,Kamila Mary Costa Gomes Franco 10013799690
1363,Intensiva Remocoes Terrestres Ltda
1364,Olimpia Investimentos em Educacao Ltda
1369,Instituto Observatorio da Vida
1373,Golden Eagle Prestacao de Serv.em Invest.e Consult Ltda
1381,PTG Participacoes Empreendimentos e Servicos Ltda
1382,Work Express Treinamento e Mercados  Ltda
1383,NapHill - Treinamentos de Alta Perfomance Ltda
1399,Enovis Surgical brasil Ltda
1403,Dicon Importacao e Exportacao Ltda
1406,Maxfx Comercio e Locacao de Equipamentos Ltda.
1407,Motoprest Servicos Ltda
1408,Enfermaster Servicos de Enfermagem Ltda
1409,Uttae Solucoes Empresariais Ltda
1412,Saint Carlo Promotora de Eventos e Festas Ltda.
1414,Srk Prestacao de Servicos Adm e Investimentos Ltda.
1415,Dobroc Servicos Administrativos Ltda.
1416,Instituto de Aprimoramentos Invictus
1430,Betel Equipamentos de Protecao Individual Ltda
1434,Axial Capital Assessoria E Treinamento Ltda
1438,HGA Serviços de Auxilio Empresarial Ltda
1445,29 Comunicacao Ltda
1454,Bash Participacoes Ltda
1455,Jolet Participacoes Ltda
1456,Harom Participacoes Ltda
1457,Galloway Capital Gestora de Recursos Ltda.
1458,Euroluce Comercio de Equipamentos de Iluminacao Ltda
1466,Nitrex do Brasil Ltda
1470,Expertise Representacoes Comerciais Ltda
1471,MLP Prestacao de Servicos Ltda
1473,Marelua Investimentos e Participacoes Ltda
1476,Sergal Galvanizacao Industria e Comercio Ltda
1482,ERG-Mobil Fabricacao de Maq.para Ind.Metalurgica Ltda
1483,FJS Comercio de Equipamentos de Iluminacao Ltda
1484,JMS Comercio de Equipamentos de Iluminacao Ltda.
1485,Cypress Design e Servicos Ltda
1486,Lumini Solucoes em Iluminacao Ltda
1489,RJS Comercio de Equipamentos de Ilumincação Ltda
1491,SDP Comercio de Equipamentos de Iluminacao Ltda.
1492,Trend Servicos Ltda
1493,Tueri Prestacao de Servicos Em Investimentos Ltda
1512,Stm-Sistema Brasil Ltda
1513,Sergal Manutencao de Maquinas e Equipamentos Ltda
1532,BSW Confeccoes Ltda
1540,Betel Equipamentos de Protecao Individual Ltda
1543,Associacao de Mais
1545,Joao Batista de Almeida Ltda
1546,Seme - Atendimento Médico e Remoções Terrestres Ltda
1548,Nedeew Holding Ltda.
1550,Kamerheer Holding Ltda
1553,Skanditech Service do Brasil Ltda
1557,Arpad Participacoes Ltda
1558,Sarayu Participacoes Ltda
1580,Lumifactor Fomento Mercantil Ltda
1581,Siker Prestacao de Servicos Administrativos Ltda
1582,Eros Prestacao De Servicos Administrativos Ltda
1595,M3A Representacao Comercial Ltda.
1611,Nankin Participacoes Ltda
1612,Solo Mobile Industria e Comercio de Moveis Ltda
1623,Betel Equipamentos e Servicos Administrativos Ltda
1627,Belem Participacoes Ltda
1632,Handle Soluções Tecnológicas Ltda
1634,Alto da Colina 3 Empreendimentos Imobiliários SPE Ltda.
1639,CSL Promotora de Leiloes e Eventos Ltda
1647,Fabiana Helena Chryzman Justus Levi D Ancona
1648,Levi Assessoria e Prestacao de Servicos Administrativos Ltda
1651,Luna do Rosario Participacoes e Administracao S/A
1653,Marina Bergantin
1661,GSG Administracao de Bens Ltda
1662,Esther Stiller Educação E S. de Projetos A. Iluminação Ltda
1663,Modulite Sistemas de Iluminacao Ltda
1664,Esther Stiller Arquitetura e Iluminacao S/S Ltda.
1668,Daniel Arthur Diniz Machado
1673,Clothes Company Industria e Comercio de Confeccoes Ltda.
1681,Studio Nana Higa Artes e Producoes Ltda
1683,Radu Participações e Empreendimentos Ltda
1684,Albafor Industria e Comercio Ltda
1685,R2 Consultoria e Participacoes Ltda
1688,Viviane Talita Volpe
1690,São Bartolomeu Serviços Administrativos Ltda
1696,BKR Confeccoes Ltda
1714,Jefferson Domingos Troiano
1717,Metaldrill Industria Comercio e Servicos Ltda.
1720,Easy Gerenciamento e Construção Ltda
1722,Easy Construction Obras e Serviços Ltda
1723,Clamare Participações Ltda
1724,The Best 25 Empreendimento e Participações Ltda
1725,Speed 11 Empreendimentos e Participações Ltda
1731,Alto da Colina 3 Empreendimentos Imobiliarios Spe Ltda - Scp
1738,La Horqueta Participacoes e Investimentos Ltda
1739,Studio Forma  Industria e Comercio de Moveis Ltda
1741,Nobel Log Servicos de Logistica Ltda
1764,Comércio de Roupas Marany Ltda.
1776,Flow Importação e Distribuição de Máquinas e Peças Para Indú
1777,Residencial Senior Ipe Amarelo Casa de Repouso Ltda.
1779,Hayrik Participações Ltda
1781,Ian Service Ltda.
1782,Akzara Indústria e Comércio de Roupas Ltda
1785,MGBC Serviços Administrativos Ltda
1798,New Parking Estacionamento Ltda
1804,Cassis Prestaçao de Servicos Administrativo Ltda
1805,Agroinvest Holding E Participacoes Ltda
1806,Avink Saúde Ambiental Ltda
1815,Avink Manutenção e Serviços Ltda
1817,Daniele Mattar Haddad Mera
1820,Rofari Prestação de S.. Administrativos e Investimentos Ltda
1823,NTVM Investimentos Ltda
1824,Sella Participações Ltda
1832,CJ Rolamentos Importadora Ltda
1833,Cecilia da Silva Domingues Machado Comércio de Rolamentos
1835,Pergola Industria e Comercio de Moveis Ltda
1862,Fit Family Brasil Servicos Administrativos Ltda
1863,Pcr Consultoria Empresarial Ltda
1864,Brumay Consultoria Desenvolvimento e Servicos
1866,Mcm Teixeira Doces e Laticinios
1867,Artquality Embalagens Especiais e Transportes Ltda
1868,Cle Armazenagens Especiais Ltda.
1869,For Collection Gestao de Colecoes Ltda.
1870,M & V Consultoria e Assessoria Financeira Ltda
1871,Chenue do Brasil Servicos de Assessoria Empresarial e Partic
1872,Demapa Participacoes Ltda
1874,Aluap Servicos Administrativos Ltda
1879,Comex Evolution Comercio Importacao e Exportacao ltda
1881,Evandro Taddei Neto Ltda
1882,Fabio M. Taddei Oculos e Relogios
1884,Fanisa Comercio de Oculos Ltda
1885,Advanir Aparecido Silva Santos Ltda
1886,West Comercio de Oculos e Relogios Ltda
1887,Maria Clarice Machado Taddei
1888,Advanildes Silva dos Santos
1890,Emgc Assessoria e Consultoria em Enfermagen Ltda
1891,Fc4l Empreendimentos Desportivos Ltda
1897,Estella Bebe Comercio Varejista de Vestuario Ltda
1902,Centro de Recepcao de Chamadas J & L Ltda
1905,Mkt Midia Ltda
1907,SIXFAM EMPREENDIMENTOS E PARTICIPAÇÕES LTDA
1908,Bike Butanta Comercio de Bicicletas Ltda
1920,Alexandre dos Santos Sierra
1924,Company Holding Ltda
1954,Rme Negocios Imobiliarios Ltda
1955,Net Import Equipamentos de Protecao Individual Ltda
1962,Taghia Solucoes Digitais Ltda
1963,STM - Sistema Tecnologia Ltda.
1964,Zhao Participacoes Ltda
1965,Rvmv Servicos Administrativos Ltda
1967,Agropecuaria Toca da Onca Ltda
1968,Agropecuaria Vila Real S/s Ltda
1969,Ecm Gestao Empresarial Ltda
1972,Zao Apoio Administrativo Ltda.
1973,AMT22 Sociedade Unipessoal Ltda
1975,Forcemob Solucoes e Servicos Ltda
1976,Polonia577 Prestacao de Servicos Administrativos Ltda
1977,Univen Refinaria de Petroleo Ltda
1982,Gse Consultoria e Servicos Ltda
1983,Luxor Servicos Administrativos Ltda
1984,Bega Consultoria e Servicos Ltda
1986,Copperaf Materia Prima Ltda
1988,Manejo Participacoes Ltda.
1994,Hector Mendizabal Coelho 43682194819
1995,Toxilabory Exames Laboratoriais Ltda.
1997,Olibras Tecnologia Comercio Importacao e Exportacao Ltda.
2005,Emmental Administracao de Bens e Participacoes Ltda
2006,FHS Brasil Trading Intermediacao de Negocios Ltda
2011,Multicar Servicos Automotivos Ltda
2012,Msle Perfumes e Cosmeticos Ltda
2015,Mix Etiquetas e Rotulos Ltda
2016,Mix Rótulos Ltda
2017,Jayme da Silva
2018,Mix Comercio e Assessoria Ltda
2020,Omega Administracao e Participacao Ltda.
2021,Catarina Gestao de Participacoes Societarias Ltda
2022,Hmr Holding Ltda
2023,Rimi Administracao e Participacoes Ltda
2024,Rjs227 Administracao e Participacoes Ltda
2028,Nest International Administradora de Carteira de Valores Mob
2029,Nest International Holding Ltda
2030,Nest Partners Ltda
2031,Nest Participacoes Ltda.
2033,Abrads Associacao Brasileira dos Distribuidores de Saneantes
2034,Flamboia Servicos Administrativos e Representacao Comercial
2241,Aco e Amasso Servicos Ltda
2043,Eros Prestacao de Servicos Administrativos Remessas e Pagam
2044,Casa de Repouso Higienopolis Ltda
2048,Adilson Gueiros Dias Silva Consultoria em Tecnologia da Info
2050,Natalia Zakalski Valério Ltda.
2063,Actmed Medicina e Saude Ltda.
2065,Mpx Comercio Ltda.
2067,D.E. Estacionamento Ltda
2069,JK Triunfo Administracao e Servicos de Estacionamentos Ltda.
2073,Triunfo Administracao de Estacionamentos e Participacoes Ltd
2074,JR Triunfo Administracao de Estacionamentos Ltda.
2075,Total Park Estacionamento Ltda
2076,JR2 Triunfo Administracao de Estacionamentos Ltda
2079,Nova Triunfo Administracao de Estacionamentos Ltda
2080,JR3 Servicos de Estacionamento Ltda
2088,JR 3 Triunfo Administracao de Estacionamentos Ltda
2094,Empório Nordestino Comercio de Alimentos Ltda
2097,Casa Casa Planejados Comercio e Montagem de Moveis Ltda.
2105,Nova Affinity Corretora de Seguros Ltda.
2106,F8 Corretora de Seguros Vida e Benefícios Ltda.
2107,Quali Planos de Saúde e Serviços Empresariais Ltda.
2108,Varela Corretora de Seguros Ltda.
2109,Múltipla de Arte Ltda.
2111,Point To Point Participações S.A.
2114,Pro Administracao de Bens e Participacoes Ltda
2118,Completo Corretora de Seguros Ltda
2119,Ad Va Assessoria Empresarial Ltda
2120,Ser Corretora de Seguros Ltda
2121,Barros Porta e Fonseca Advogados
2134,Alma Home Comercio Varejista de Artigos Para Decoracao Ltda
2135,EPF Escola de Paternidade e Filiacao Ltda
2136,Ministerio Saciame Sacerdote Aimeleque Cristaos Interdenomin
2139,Enfecare Servicos de Enfermagem Ltda.
2140,Prest Motor Servicos LTDA.
2143,Makpress Administracao Ltda
2144,LR Consultoria LTDA.
2147,Casa de Repouso Ipe Amarelo Lapa Ltda
2148,English4u Ensino de Idiomas Ltda
2150,Shock Metais Nao Ferrosos LTDA
2156,Wz Construcoes Spe Ltda
2157,Nest Properties Consultoria e Negocios Ltda
2158,Ae Perfumes e Cosmeticos Ltda
2170,Ludal Administracao de Bens e Participacoes Ltda
2171,Shopping Carlos Gomes Ltda
2172,Beda Holding de Participacoes e Negocios Imobiliarios Ltda
2173,G912 Servicos Administrativos Ltda
2175,Dueto Eh Participacoes Ltda
2176,Calika Administracao e Consultoria Ltda
2178,Imx Etiquetas e Rotulos Ltda
2179,Jule Participacoes Ltda
2180,Bleu Bird Participacoes Ltda
2181,Hcg Participacoes e Empreendimentos Ltda
2182,Hfg Participacoes e Empreendimentos Ltda
2183,Sanchez Participacoes e Empreendimentos Ltda
2186,Seme - Atendimento Médico e Remoções Terrestres Ltda - SCP
2191,Espaco Quantum da Saude e Terapias Ltda
2195,Empoli Atividades de Cobranca e Gestao Financeira Ltda.
2196,Benevento Atividades de Cobranca e Gestao Financeira Ltda.
2197,Grupo Espirita Francisco Candido Xavier
2202,Face Patrimonial Ltda
2203,Stm - Sistema Logistica Ltda
2204,Butik Servicos Ltda.
2205,FMT Comercio de Oculos Ltda.
2218,Portus Naonis LTDA
2221,GB Sports Servicos Auxiliares Ltda.
2223,Geofuro Comercio e Servicos Ltda
2224,Geofuro Demolitronic Locacao de Equipamentos Ltda
2225,Epac S/S LTDA
2226,Elaine Cabelos Brasileiros Unipessoal Ltda
2227,Caso Moreira Holding Administração de Bens Ltda
2228,Perfect-car Funilaria e Pintura Ltda
2229,Msp Brasil Ltda
2230,Sgf Global Brasil Recrutamento e Selecao Ltda
2232,Coruja Empreendimentos Imobiliarios Ltda
2234,Ds Lourenco Promocao de Vendas
2235,Paulistana Pinturas De Edificacao Ltda
2236,SF Arquitetura e Interiores Ltda.
2237,SM Design de Interiores Ltda
2240,River Creek Servicos Ltda
2241,Aco e Amasso Servicos Ltda
2242,Aymara Corte e Solda Ltda
2243,Amaryllis Modelagem Industrial Ltda
2244,Inova Montagens Especiais Ltda
2245,Overland Servicos em Metalurgica Ltda
2246,Reluz Servicos de Montagem Ltda
2247,Repuxe Servicos Ltda
2248,Solaris Servicos em Metais Ltda
2249,Tons Pinturas Tecnicas Ltda
2252,Gef Brasil Investimentos Ltda
2254,Altar Park Estacionamentos Ltda
2257,Multicar Comercio Auto Pecas Ltda
2258,EEME Servicos Administrativos Ltda.
2264,T.H.T Comercio de Cosmeticos e Perfumaria Ltda.
2270,Rio Sul Comercio de Produtos de Perfumaria Ltda
2271,Rio Barra Comercio de Produtos de Perfumaria Ltda
2276,Alexandre Miranda
2277,Hospedagem Premium Sp Ltda
2278,Smiller Alinhadores Ltda
2279,Divelas Misticas Comercio de Produtos Religiosos Ltda
2285,Alpha Construcao E Servicos Integrados Ltda
2286,Edifix Construcao e Servicos Integrados Ltda
2287,Rubi Representacoes Ltda
2296,Cavenaghi Assessoria Esportiva Ltda
2297,Hamm Participacoes Ltda
2298,Oriani & Wantuil Transportes e Solucoes Logisticas
2299,Ow Solucoes e Servicos Ltda
2309,Protechno Tecnica e Comercial Ltda
2318,Ahead Gestao e Intermediacao de Negocios Ltda
2319,Alaia Servicos Ltda
2320,Gardenia Gestao e Servicos Ltda
2321,John Graz.com Ltda
2322,Futura Soft Treinamentos e Servicos em Automacao Comercial L
2326,Profit Inteligencia em Rendimento Comercio e Importacao Ltd
2332,Japa Produções de Eventos Ltda
2334,Ags Consultoria Estrategica Ltda
2335,Ana Paula Santos Silva Ltda
2336,Thiago Malheiros Inacio Ltda
2337,Tatiane Queiroz de Andrade Ltda
2339,Betty Maria da Fonseca Santos Ltda
2340,Marcia Lopes Frazao Ltda
2341,Fernanda Maciel Ferreira LTDA
2342,Joao Jose Geraldes Mariani Ltda
2344,Gustavo de Godoy dos Santos Ltda
2345,Valdir Ferreira de Lima Ltda
2348,Ogdi Tech Informatica Ltda
2350,Joilson Caetano dos Reis Lima Ltda
2353,Jorge Mendes Dias
2355,Fabio Ribeiro de Lima Ltda
2356,SG Consultoria Limitada
2358,Conteste Tecnologia de Materiais Ltda
2359,Conteste Servicos de Engenharia Ltda
2366,Zen Animal Comercio de Artigos Para Animais Ltda
2368,Tecnoforma Construcoes Ltda.
2371,Fs Consultoria e Treinamentos Ltda
2372,Peleco Holding Ltda
2373,Clinica Dental Laser Ltda
2375,Neogran - Industria e Comercio de Marmores e Granitos Ltda
2376,H F Vicentim Marmores
2377,Protect System Seguranca Eletronica Ltda
2378,Protect Service Tecnologia em Seguranca Ltda
2383,Luiz Henrique Camacho
2384,J M P Furtado Ltda
2390,Hidraporto Engenharia e Construcao Ltda
2392,New Agency Producoes Artisticas Ltda
2393,Wrm Eventos Ltda.
2395,New Agency Participacoes Ltda
2396,Mix Solucoes Adesivas Ltda
5142,teste de empresa
